Cancer,C,std,p-value,Samples
Astrocytoma,0.5832851992586005,0.12143888485349771,1.4635885179849608,219
Glioblastoma,0.568898405908059,0.023277417571465356,0.5969976832539426,266
