WSI Type,#WSI,#Patient,ğ‘šğ‘€ğ‘‰ @5 RetCCL,ğ‘šğ‘€ğ‘‰ @5 MMD
GBM,842,378,0.6876484560570071,0.9049881235154394
LGG,843,491,0.9240806642941874,0.8066429418742586
