WSI Type,#WSI,#Patient,𝑚𝑀𝑉 @5 RetCCL,𝑚𝑀𝑉 @5 MMD
ACC,227,56,0.8502202643171806,0.9295154185022027
PCPG,192,173,0.765625,0.9114583333333334
THCA,447,437,0.9642058165548099,0.970917225950783
