WSI Type,#WSI,#Patient,𝑚𝑀𝑉 @5 RetCCL,𝑚𝑀𝑉 @5 MMD
COAD,551,452,0.9019963702359347,0.8548094373865699
ESCA,157,155,0.5095541401273885,0.7452229299363057
READ,183,161,0.0546448087431694,0.12021857923497267
STAD,400,375,0.69,0.7375
