WSI Type,#WSI,#Patient,𝑚𝑀𝑉 @5 RetCCL,𝑚𝑀𝑉 @5 MMD
UCEC,566,505,0.9363957597173145,0.892226148409894
CESC,279,269,0.6236559139784946,0.8422939068100358
UCS,72,45,0.2916666666666667,0.5972222222222222
OV,107,106,0.411214953271028,0.8317757009345794
