WSI Type,#WSI,#Patient,ğ‘šğ‘€ğ‘‰ @5 RetCCL,ğ‘šğ‘€ğ‘‰ @5 MMD
DLBC,36,36,0.2777777777777778,0.6388888888888888
THYM,157,107,0.9808917197452229,0.9936305732484076
