WSI Type,#WSI,#Patient,𝑚𝑀𝑉 @5 RetCCL,𝑚𝑀𝑉 @5 MMD
CHOL,39,39,0.05128205128205128,0.358974358974359
LIHC,372,364,0.9758064516129032,0.9650537634408602
PAAD,209,183,0.9617224880382775,0.9904306220095693
