WSI Type,#WSI,#Patient,ğ‘šğ‘€ğ‘‰ @5 RetCCL,ğ‘šğ‘€ğ‘‰ @5 MMD
UVM,68,68,0.9264705882352942,1.0
SKCM,473,431,0.9873150105708245,0.9873150105708245
