WSI Type,#WSI,#Patient,𝑚𝑀𝑉 @5 RetCCL,𝑚𝑀𝑉 @5 MMD
TGCT,215,138,0.9348837209302325,0.9720930232558139
PRAD,379,343,0.978891820580475,0.9868073878627969
