WSI Type,#WSI,#Patient,𝑚𝑀𝑉 @5 RetCCL,𝑚𝑀𝑉 @5 MMD
LUAD,531,468,0.5386064030131826,0.7344632768361582
LUSC,512,478,0.751953125,0.8828125
MESO,73,67,0.410958904109589,0.4657534246575342
