WSI Type,#WSI,#Patient,𝑚𝑀𝑉 @5 RetCCL,𝑚𝑀𝑉 @5 MMD
BLCA,457,386,0.9168490153172867,0.9846827133479212
KIRC,519,513,0.8631984585741811,0.9267822736030829
KICH,121,109,0.49586776859504134,0.743801652892562
KIRP,297,273,0.5050505050505051,0.8148148148148148
